Site,start_lon,start_lat,end_lon,end_lat,Distance.m,true.Distance.m,elevation.m
DC1,-81.278,31.389111,-81.277889,31.389408,0,0,0.509722292
DC1,-81.278,31.389111,-81.277889,31.389408,1,0.996648386,0.74244231
DC1,-81.278,31.389111,-81.277889,31.389408,2,1.993296772,0.835855961
DC1,-81.278,31.389111,-81.277889,31.389408,3,2.989945158,0.897735655
DC1,-81.278,31.389111,-81.277889,31.389408,4,3.986593544,0.917983055
DC1,-81.278,31.389111,-81.277889,31.389408,5,4.98324193,0.89399302
DC1,-81.278,31.389111,-81.277889,31.389408,6,5.979890316,0.871300459
DC1,-81.278,31.389111,-81.277889,31.389408,7,6.976538702,0.840371311
DC1,-81.278,31.389111,-81.277889,31.389408,8,7.973187088,0.818432868
DC1,-81.278,31.389111,-81.277889,31.389408,9,8.969835474,0.842211545
DC1,-81.278,31.389111,-81.277889,31.389408,10,9.96648386,0.866208911
DC1,-81.278,31.389111,-81.277889,31.389408,11,10.96313225,0.869245768
DC1,-81.278,31.389111,-81.277889,31.389408,12,11.95978063,0.869245768
DC1,-81.278,31.389111,-81.277889,31.389408,13,12.95642902,0.810512245
DC1,-81.278,31.389111,-81.277889,31.389408,14,13.9530774,0.795605779
DC1,-81.278,31.389111,-81.277889,31.389408,15,14.94972579,0.798027515
DC1,-81.278,31.389111,-81.277889,31.389408,16,15.94637418,0.773047805
DC1,-81.278,31.389111,-81.277889,31.389408,17,16.94302256,0.729228079
DC1,-81.278,31.389111,-81.277889,31.389408,18,17.93967095,0.710880339
DC1,-81.278,31.389111,-81.277889,31.389408,19,18.93631933,0.67016232
DC1,-81.278,31.389111,-81.277889,31.389408,20,19.93296772,0.67016232
DC1,-81.278,31.389111,-81.277889,31.389408,21,20.92961611,0.634240389
DC1,-81.278,31.389111,-81.277889,31.389408,22,21.92626449,0.617794871
DC1,-81.278,31.389111,-81.277889,31.389408,23,22.92291288,0.582949758
DC1,-81.278,31.389111,-81.277889,31.389408,24,23.91956127,0.587236106
DC1,-81.278,31.389111,-81.277889,31.389408,25,24.91620965,0.575700819
DC1,-81.278,31.389111,-81.277889,31.389408,26,25.91285804,0.586645663
DC1,-81.278,31.389111,-81.277889,31.389408,27,26.90950642,0.586645663
DC1,-81.278,31.389111,-81.277889,31.389408,28,27.90615481,0.60938549
DC1,-81.278,31.389111,-81.277889,31.389408,29,28.90280319,0.616482139
DC1,-81.278,31.389111,-81.277889,31.389408,30,29.89945158,0.60531342
DC1,-81.278,31.389111,-81.277889,31.389408,31,30.89609997,0.602383316
DC2,-81.270189,31.392828,-81.270464,31.392964,0,0,0.498715132
DC2,-81.270189,31.392828,-81.270464,31.392964,1,0.999505882,0.453285515
DC2,-81.270189,31.392828,-81.270464,31.392964,2,1.999011763,0.742843747
DC2,-81.270189,31.392828,-81.270464,31.392964,3,2.998517644,0.772770464
DC2,-81.270189,31.392828,-81.270464,31.392964,4,3.998023526,0.788688004
DC2,-81.270189,31.392828,-81.270464,31.392964,5,4.997529407,0.751435399
DC2,-81.270189,31.392828,-81.270464,31.392964,6,5.997035289,0.734847188
DC2,-81.270189,31.392828,-81.270464,31.392964,7,6.99654117,0.73534888
DC2,-81.270189,31.392828,-81.270464,31.392964,8,7.996047052,0.728082299
DC2,-81.270189,31.392828,-81.270464,31.392964,9,8.995552933,0.730051458
DC2,-81.270189,31.392828,-81.270464,31.392964,10,9.995058814,0.733833849
DC2,-81.270189,31.392828,-81.270464,31.392964,11,10.9945647,0.785103023
DC2,-81.270189,31.392828,-81.270464,31.392964,12,11.99407058,0.765199363
DC2,-81.270189,31.392828,-81.270464,31.392964,13,12.99357646,0.832860827
DC2,-81.270189,31.392828,-81.270464,31.392964,14,13.99308234,0.847400069
DC2,-81.270189,31.392828,-81.270464,31.392964,15,14.99258822,0.883226097
DC2,-81.270189,31.392828,-81.270464,31.392964,16,15.9920941,0.883226097
DC2,-81.270189,31.392828,-81.270464,31.392964,17,16.99159998,0.895023584
DC2,-81.270189,31.392828,-81.270464,31.392964,18,17.99110587,0.858420372
DC2,-81.270189,31.392828,-81.270464,31.392964,19,18.99061175,0.882085979
DC2,-81.270189,31.392828,-81.270464,31.392964,20,19.99011763,0.865464807
DC2,-81.270189,31.392828,-81.270464,31.392964,21,20.98962351,0.906458855
DC2,-81.270189,31.392828,-81.270464,31.392964,22,21.98912939,0.901899219
DC2,-81.270189,31.392828,-81.270464,31.392964,23,22.98863527,0.883374095
DC2,-81.270189,31.392828,-81.270464,31.392964,24,23.98814115,0.883374095
DC2,-81.270189,31.392828,-81.270464,31.392964,25,24.98764704,0.877788484
DC2,-81.270189,31.392828,-81.270464,31.392964,26,25.98715292,0.87561816
DC2,-81.270189,31.392828,-81.270464,31.392964,27,26.9866588,0.890529394
DC2,-81.270189,31.392828,-81.270464,31.392964,28,27.98616468,0.881920636
DC2,-81.270189,31.392828,-81.270464,31.392964,29,28.98567056,0.853096902
DC2,-81.270189,31.392828,-81.270464,31.392964,30,29.98517644,0.833558738
DC2,-81.270189,31.392828,-81.270464,31.392964,31,30.98468232,0.811217308
DC3,-81.270497,31.392294,-81.27077,31.39242,0,0,0.682841599
DC3,-81.270497,31.392294,-81.27077,31.39242,1,0.972057188,0.961747825
DC3,-81.270497,31.392294,-81.27077,31.39242,2,1.944114375,1.049119949
DC3,-81.270497,31.392294,-81.27077,31.39242,3,2.916171563,1.058797956
DC3,-81.270497,31.392294,-81.27077,31.39242,4,3.88822875,1.036087275
DC3,-81.270497,31.392294,-81.27077,31.39242,5,4.860285938,1.020554423
DC3,-81.270497,31.392294,-81.27077,31.39242,6,5.832343125,1.024666071
DC3,-81.270497,31.392294,-81.27077,31.39242,7,6.804400313,1.024453878
DC3,-81.270497,31.392294,-81.27077,31.39242,8,7.776457501,1.018320203
DC3,-81.270497,31.392294,-81.27077,31.39242,9,8.748514688,1.068693161
DC3,-81.270497,31.392294,-81.27077,31.39242,10,9.720571875,1.074701905
DC3,-81.270497,31.392294,-81.27077,31.39242,11,10.69262906,1.056395769
DC3,-81.270497,31.392294,-81.27077,31.39242,12,11.66468625,1.038396478
DC3,-81.270497,31.392294,-81.27077,31.39242,13,12.63674344,1.025807619
DC3,-81.270497,31.392294,-81.27077,31.39242,14,13.60880063,1.03218472
DC3,-81.270497,31.392294,-81.27077,31.39242,15,14.58085781,1.025745153
DC3,-81.270497,31.392294,-81.27077,31.39242,16,15.552915,1.014090538
DC3,-81.270497,31.392294,-81.27077,31.39242,17,16.52497219,0.983595908
DC3,-81.270497,31.392294,-81.27077,31.39242,18,17.49702938,0.925362468
DC3,-81.270497,31.392294,-81.27077,31.39242,19,18.46908656,0.913190961
DC3,-81.270497,31.392294,-81.27077,31.39242,20,19.44114375,0.882158875
DC3,-81.270497,31.392294,-81.27077,31.39242,21,20.41320094,0.882158875
DC3,-81.270497,31.392294,-81.27077,31.39242,22,21.38525813,0.863668323
DC3,-81.270497,31.392294,-81.27077,31.39242,23,22.35731531,0.843994021
DC3,-81.270497,31.392294,-81.27077,31.39242,24,23.3293725,0.851065099
DC3,-81.270497,31.392294,-81.27077,31.39242,25,24.30142969,0.862815559
DC3,-81.270497,31.392294,-81.27077,31.39242,26,25.27348688,0.85796231
DC3,-81.270497,31.392294,-81.27077,31.39242,27,26.24554406,0.86646229
DC3,-81.270497,31.392294,-81.27077,31.39242,28,27.21760125,0.86646229
DC3,-81.270497,31.392294,-81.27077,31.39242,29,28.18965844,0.879294038
DC3,-81.270497,31.392294,-81.27077,31.39242,30,29.16171563,0.850829124
DC3,-81.270497,31.392294,-81.27077,31.39242,31,30.13377281,0.812306166
DC4,-81.271361,31.391167,-81.271578,31.391406,0,0,0.382457018
DC4,-81.271361,31.391167,-81.271578,31.391406,1,0.992746917,0.851887643
DC4,-81.271361,31.391167,-81.271578,31.391406,2,1.985493834,0.972135544
DC4,-81.271361,31.391167,-81.271578,31.391406,3,2.978240751,1.040439606
DC4,-81.271361,31.391167,-81.271578,31.391406,4,3.970987668,1.040439606
DC4,-81.271361,31.391167,-81.271578,31.391406,5,4.963734584,1.036651134
DC4,-81.271361,31.391167,-81.271578,31.391406,6,5.956481502,1.04767549
DC4,-81.271361,31.391167,-81.271578,31.391406,7,6.949228418,1.041650772
DC4,-81.271361,31.391167,-81.271578,31.391406,8,7.941975335,1.039603829
DC4,-81.271361,31.391167,-81.271578,31.391406,9,8.934722252,1.039603829
DC4,-81.271361,31.391167,-81.271578,31.391406,10,9.927469169,1.014879823
DC4,-81.271361,31.391167,-81.271578,31.391406,11,10.92021609,0.988257349
DC4,-81.271361,31.391167,-81.271578,31.391406,12,11.912963,0.972122788
DC4,-81.271361,31.391167,-81.271578,31.391406,13,12.90570992,0.987616777
DC4,-81.271361,31.391167,-81.271578,31.391406,14,13.89845684,0.998051345
DC4,-81.271361,31.391167,-81.271578,31.391406,15,14.89120375,0.976458073
DC4,-81.271361,31.391167,-81.271578,31.391406,16,15.88395067,0.981372535
DC4,-81.271361,31.391167,-81.271578,31.391406,17,16.87669759,1.0152179
DC4,-81.271361,31.391167,-81.271578,31.391406,18,17.8694445,1.015802264
DC4,-81.271361,31.391167,-81.271578,31.391406,19,18.86219142,0.99710989
DC4,-81.271361,31.391167,-81.271578,31.391406,20,19.85493834,0.996643782
DC4,-81.271361,31.391167,-81.271578,31.391406,21,20.84768526,1.006337166
DC4,-81.271361,31.391167,-81.271578,31.391406,22,21.84043217,1.006337166
DC4,-81.271361,31.391167,-81.271578,31.391406,23,22.83317909,0.999898434
DC4,-81.271361,31.391167,-81.271578,31.391406,24,23.82592601,1.013830543
DC4,-81.271361,31.391167,-81.271578,31.391406,25,24.81867292,1.034487247
DC4,-81.271361,31.391167,-81.271578,31.391406,26,25.81141984,1.035101056
DC4,-81.271361,31.391167,-81.271578,31.391406,27,26.80416676,1.035101056
DC4,-81.271361,31.391167,-81.271578,31.391406,28,27.79691367,1.036980271
DC4,-81.271361,31.391167,-81.271578,31.391406,29,28.78966059,1.019112945
DC4,-81.271361,31.391167,-81.271578,31.391406,30,29.78240751,1.015344858
DC4,-81.271361,31.391167,-81.271578,31.391406,31,30.77515442,1.012450933
DC5,-81.270744,31.391853,-81.270936,31.392061,0,0,0.498629302
DC5,-81.270744,31.391853,-81.270936,31.392061,1,0.990108889,0.87943244
DC5,-81.270744,31.391853,-81.270936,31.392061,2,1.980217779,0.961939812
DC5,-81.270744,31.391853,-81.270936,31.392061,3,2.970326668,0.997292161
DC5,-81.270744,31.391853,-81.270936,31.392061,4,3.960435558,1.007711887
DC5,-81.270744,31.391853,-81.270936,31.392061,5,4.950544447,1.006374478
DC5,-81.270744,31.391853,-81.270936,31.392061,6,5.940653337,1.002531886
DC5,-81.270744,31.391853,-81.270936,31.392061,7,6.930762226,1.002531886
DC5,-81.270744,31.391853,-81.270936,31.392061,8,7.920871115,1.018667698
DC5,-81.270744,31.391853,-81.270936,31.392061,9,8.910980005,1.020628929
DC5,-81.270744,31.391853,-81.270936,31.392061,10,9.901088894,1.01075387
DC5,-81.270744,31.391853,-81.270936,31.392061,11,10.89119778,1.019500494
DC5,-81.270744,31.391853,-81.270936,31.392061,12,11.88130667,1.019500494
DC5,-81.270744,31.391853,-81.270936,31.392061,13,12.87141556,1.035656214
DC5,-81.270744,31.391853,-81.270936,31.392061,14,13.86152445,1.011818409
DC5,-81.270744,31.391853,-81.270936,31.392061,15,14.85163334,0.99916786
DC5,-81.270744,31.391853,-81.270936,31.392061,16,15.84174223,1.012367964
DC5,-81.270744,31.391853,-81.270936,31.392061,17,16.83185112,1.019502997
DC5,-81.270744,31.391853,-81.270936,31.392061,18,17.82196001,1.048984766
DC5,-81.270744,31.391853,-81.270936,31.392061,19,18.8120689,1.068941712
DC5,-81.270744,31.391853,-81.270936,31.392061,20,19.80217779,1.068880081
DC5,-81.270744,31.391853,-81.270936,31.392061,21,20.79228668,1.082665682
DC5,-81.270744,31.391853,-81.270936,31.392061,22,21.78239557,1.078642845
DC5,-81.270744,31.391853,-81.270936,31.392061,23,22.77250446,1.057774067
DC5,-81.270744,31.391853,-81.270936,31.392061,24,23.76261335,1.027172446
DC5,-81.270744,31.391853,-81.270936,31.392061,25,24.75272224,1.027172446
DC5,-81.270744,31.391853,-81.270936,31.392061,26,25.74283113,1.006153941
DC5,-81.270744,31.391853,-81.270936,31.392061,27,26.73294001,0.99111402
DC5,-81.270744,31.391853,-81.270936,31.392061,28,27.7230489,0.983185589
DC5,-81.270744,31.391853,-81.270936,31.392061,29,28.71315779,0.968931675
DC5,-81.270744,31.391853,-81.270936,31.392061,30,29.70326668,0.968931675
DC5,-81.270744,31.391853,-81.270936,31.392061,31,30.69337557,0.968370855
TM1,-81.27949,31.39528,-81.27906,31.39547,0,0,0.460191131
TM1,-81.27949,31.39528,-81.27906,31.39547,1,0.998762557,0.742799461
TM1,-81.27949,31.39528,-81.27906,31.39547,2,1.997525115,0.981879056
TM1,-81.27949,31.39528,-81.27906,31.39547,3,2.996287672,1.127925754
TM1,-81.27949,31.39528,-81.27906,31.39547,4,3.995050229,1.127957821
TM1,-81.27949,31.39528,-81.27906,31.39547,5,4.993812786,1.127957821
TM1,-81.27949,31.39528,-81.27906,31.39547,6,5.992575343,1.156936646
TM1,-81.27949,31.39528,-81.27906,31.39547,7,6.991337901,1.213474274
TM1,-81.27949,31.39528,-81.27906,31.39547,8,7.990100458,1.226220965
TM1,-81.27949,31.39528,-81.27906,31.39547,9,8.988863015,1.22183764
TM1,-81.27949,31.39528,-81.27906,31.39547,10,9.987625572,1.221419811
TM1,-81.27949,31.39528,-81.27906,31.39547,11,10.98638813,1.217737913
TM1,-81.27949,31.39528,-81.27906,31.39547,12,11.98515069,1.208337545
TM1,-81.27949,31.39528,-81.27906,31.39547,13,12.98391324,1.191311359
TM1,-81.27949,31.39528,-81.27906,31.39547,14,13.9826758,1.164415479
TM1,-81.27949,31.39528,-81.27906,31.39547,15,14.98143836,1.15659523
TM1,-81.27949,31.39528,-81.27906,31.39547,16,15.98020092,1.176108003
TM1,-81.27949,31.39528,-81.27906,31.39547,17,16.97896347,1.186519027
TM1,-81.27949,31.39528,-81.27906,31.39547,18,17.97772603,1.191248059
TM1,-81.27949,31.39528,-81.27906,31.39547,19,18.97648859,1.187164783
TM1,-81.27949,31.39528,-81.27906,31.39547,20,19.97525114,1.187084436
TM1,-81.27949,31.39528,-81.27906,31.39547,21,20.9740137,1.152090311
TM1,-81.27949,31.39528,-81.27906,31.39547,22,21.97277626,1.127770185
TM1,-81.27949,31.39528,-81.27906,31.39547,23,22.97153882,1.145753384
TM1,-81.27949,31.39528,-81.27906,31.39547,24,23.97030137,1.113217473
TM1,-81.27949,31.39528,-81.27906,31.39547,25,24.96906393,1.0986588
TM1,-81.27949,31.39528,-81.27906,31.39547,26,25.96782649,1.037062883
TM1,-81.27949,31.39528,-81.27906,31.39547,27,26.96658905,0.963200331
TM1,-81.27949,31.39528,-81.27906,31.39547,28,27.9653516,0.92161274
TM1,-81.27949,31.39528,-81.27906,31.39547,29,28.96411416,0.892699122
TM1,-81.27949,31.39528,-81.27906,31.39547,30,29.96287672,0.850325823
TM1,-81.27949,31.39528,-81.27906,31.39547,31,30.96163927,0.80277735
